disease_name,cause,effect,prevention,pesticides
Anthracnose,"Anthracnose is caused by various fungal species, most commonly *Colletotrichum* species, which infect plants during periods of high humidity and warm temperatures. The fungi spread through infected seeds, water droplets, and tools used in the field. The fungus produces spores that spread to healthy tissues through wounds or natural openings.","The disease causes reduced fruit yield and quality, with dark, sunken lesions on the affected fruits, often making them unfit for consumption. The fungus affects the plant's overall health by preventing proper growth and development.","Preventative measures include pruning infected branches, removing infected fruit from the plant, and ensuring proper field sanitation. Good irrigation practices, such as drip irrigation, can help prevent moisture buildup that fosters fungal growth.","Recommended pesticides include copper-based fungicides, such as Copper sulfate or Copper hydroxide, and systemic fungicides like Azoxystrobin or Chlorothalonil."
Bacterial Blight,"Bacterial blight is caused by *Xanthomonas* bacteria, which thrive in warm, humid conditions. The bacteria are transmitted through infected plant material, water droplets, or insects that carry the bacteria from plant to plant.","The bacteria cause water-soaked lesions on leaves, stems, and fruit, leading to wilting, reduced photosynthesis, and eventually death of the plant. The disease leads to a significant reduction in yield and quality.","Prevent bacterial blight by using resistant plant varieties, controlling insect vectors like aphids and leafhoppers, and practicing good field sanitation. Avoid overhead irrigation to minimize the spread of bacteria through water droplets.","Use pesticides such as Bacillus subtilis or copper-based bactericides to control bacterial infections. In some cases, resistant varieties of the plant are also available."
Cordana,"Cordana is a fungal infection caused by the genus *Cordana*, which affects several types of plants, especially in warm, wet environments. The fungus spreads through spores released from infected plant debris or plant tissues.","The infection causes leaf spots, yellowing, and eventual defoliation. Infected plants exhibit stunted growth and reduced yield, particularly when the disease affects crops like potatoes and tomatoes.","Prevent Cordana by removing infected leaves and plant debris, ensuring proper spacing between plants to improve air circulation, and practicing crop rotation to break the disease cycle. Avoid excessive moisture accumulation.","Fungicides such as Thiophanate-methyl, Mancozeb, and Chlorothalonil are commonly used to control the spread of Cordana. Regular fungicide applications can reduce fungal spore viability."
Early Blight,"Early blight is caused by the *Alternaria solani* fungus. It spreads primarily through infected seeds, plant debris, or wind-blown spores, and thrives in warm, humid conditions with poor air circulation around the plants.","The fungus causes lesions on the leaves that begin as small, circular spots, eventually expanding into larger areas of decay. The infection weakens the plant by reducing its ability to perform photosynthesis and leads to premature leaf drop.","Prevent early blight by rotating crops to avoid planting the same crops in the same soil each year. Remove plant debris and infected leaves, and improve field drainage to reduce moisture. Ensure proper spacing of plants for better airflow.","Apply fungicides such as Chlorothalonil, Mancozeb, or Azoxystrobin to prevent or control early blight. Regular applications during the growing season help minimize infection risk."
Late Blight,"Late blight is caused by *Phytophthora infestans*, a water mold that thrives in cool, wet conditions. The pathogen spreads rapidly through wind and water, especially during wet, humid weather. The disease is highly contagious and can affect a wide range of crops, particularly potatoes and tomatoes.","Late blight leads to dark, water-soaked lesions on leaves, stems, and fruit, often followed by the complete collapse of the affected plant. It can decimate an entire crop if not controlled, leading to both a loss in yield and unfit consumption quality.","Prevent late blight by practicing proper crop rotation, ensuring good air circulation, and using resistant plant varieties. Avoid over-watering and irrigating in the late afternoon to reduce moisture on the plant surfaces overnight.","Control late blight with fungicides such as Mancozeb, Metalaxyl, or Ridomil. These fungicides help in preventing the spread of the fungus and limiting crop damage."
Leaf Curl,"Leaf curl is typically caused by viral infections, most commonly by *Tomato leaf curl virus* (ToLCV). The virus is spread by aphids or other insect vectors that carry the virus from infected to healthy plants. The virus is often carried on infected seed material.","Leaf curl results in the deformation of leaves, causing them to curl upwards or become crinkled. This reduces the plant's ability to photosynthesize and stunts growth, leading to poor fruit or crop yield. Severe infections can kill the plant.","To prevent leaf curl, use virus-resistant plant varieties, remove infected plants immediately to avoid spread, and control insect vectors like aphids, whiteflies, and thrips. Avoid planting in areas with a history of viral infection.","Insecticides like Imidacloprid or Neem oil can help control insect vectors. However, once a plant is infected with a virus, there is no direct cure; removing infected plants is the best option."
Leaf Mold,"Leaf mold is caused by a fungal pathogen, *Passalora fulva*, which infects tomato plants. It thrives in environments with high humidity and poor air circulation around the plants. The fungus spreads through infected seeds and plant debris, often during the rainy season.","Leaf mold causes yellowing of the leaves followed by the development of fuzzy, grayish fungal growth. It significantly reduces photosynthesis in the plant and can lead to defoliation, lowering yield and quality.","Prevention includes improving ventilation around plants, ensuring proper spacing between plants, removing infected leaves, and avoiding excess moisture in the growing area. Mulching can help reduce fungal spore dispersion.","Control leaf mold with fungicides like Mancozeb, Chlorothalonil, or Azoxystrobin. These fungicides help prevent fungal growth on leaves and limit the spread of infection."
Leaf Rust,"Leaf rust is a fungal disease caused by the *Puccinia* species, which infects many crops, particularly wheat and barley. The fungus is spread by windborne spores, typically under warm, wet conditions. Spores are released from rust pustules on infected plants and infect healthy plants nearby.","Leaf rust causes small, reddish-orange pustules on leaves, which can expand and turn yellow over time. The disease reduces the plant's ability to photosynthesize, leading to lower yields and weakened plants that may be more susceptible to other infections.","Prevent leaf rust by rotating crops, using resistant varieties, and removing infected plant debris. Control moisture levels and avoid excessive irrigation to reduce the fungus's spread.","Fungicides such as Triadimefon, Propiconazole, or Epoxiconazole are effective in treating leaf rust. These fungicides work by preventing the germination of fungal spores on the plant."
Pestalotiopsis,"Pestalotiopsis is a fungal infection caused by the *Pestalotiopsis* genus, which infects plants through infected plant material or spores spread by wind and water. The fungus thrives in warm, humid environments, particularly during the rainy season.","The disease causes dark spots and lesions on leaves, which eventually lead to leaf drop. The infection weakens the plant, reducing its overall growth and yield. Pestalotiopsis may also cause stem lesions on some plants, affecting the plant's structural integrity.","Prevent Pestalotiopsis by removing infected plant parts, improving air circulation, and ensuring proper drainage to prevent excess moisture accumulation. Pruning infected branches and reducing humidity around the plant is also helpful.","Use fungicides such as Copper sulfate, Chlorothalonil, or Mancozeb to control Pestalotiopsis. Regular fungicide application, particularly during wet weather, can help limit the spread of the infection."
Rice Blast,"Rice blast is caused by the *Magnaporthe grisea* fungus, which infects rice plants through spores carried by wind or water. The disease thrives in humid, wet conditions and can spread rapidly under favorable environmental conditions.","Rice blast causes lesions on leaves, stems, and panicles, often leading to neck rot. This infection can significantly reduce both the yield and quality of the rice, and if left untreated, it can devastate an entire crop.","Prevent rice blast by planting resistant rice varieties, reducing excess nitrogen fertilizer use, and practicing proper field management, such as crop rotation. It’s also important to drain fields during non-growing seasons.","Fungicides like Tricyclazole and Isoprothiolane are effective in controlling rice blast. They are most effective when applied early in the growing season and during wet weather."
Rosette,"Rosette disease is caused by a virus, commonly *Groundnut rosette virus* (GRV), spread by aphids. The virus infects crops like peanuts, causing symptoms of stunted growth and distorted leaves. The virus is transmitted during aphid feeding.","The disease causes severe stunting, yellowing of the leaves, and abnormal growth patterns. It severely affects plant productivity, causing a significant drop in yield and quality, particularly in peanuts.","Prevent rosette by using resistant varieties of crops, controlling aphid populations through insecticides or natural predators, and removing infected plants from the field immediately.","Insecticides such as Pyrethroids and Imidacloprid can be used to control aphids. However, once plants are infected with the virus, there is no cure, so it’s important to remove infected plants."
Sigatoka,"Sigatoka is caused by the fungal species *Mycosphaerella fijiensis*, affecting banana plants. The fungus is spread through water droplets and spores from infected plant material, and it thrives in humid conditions.","Sigatoka causes yellowing of leaves, followed by necrotic streaks that severely reduce the photosynthetic capacity of the plant. This leads to a decline in fruit quality and overall banana production.","Prevent Sigatoka by removing infected leaves and plant debris, improving air circulation in banana plantations, and using resistant banana varieties. Also, proper spacing of plants can help reduce the disease spread.","Use fungicides like Mancozeb and Copper-based fungicides to control Sigatoka. Regular applications are necessary to protect banana plants, particularly in humid conditions."
Tungro,"Tungro is caused by a viral infection transmitted by leafhoppers. The disease is common in rice and causes severe crop damage. The virus infects rice plants through feeding by infected leafhoppers.","Tungro causes stunted growth, yellowing of leaves, and the formation of orange or red streaks on the leaves. It can reduce rice yields by more than 50% and causes the rice plants to mature prematurely.","Prevent Tungro by planting resistant rice varieties, controlling leafhopper populations with insecticides, and ensuring proper irrigation practices to reduce stress on the plants.","Insecticides such as Carbofuran or Fipronil are effective in controlling leafhoppers and preventing the spread of Tungro."
